Abfaltersbach,Gemeinde,Lienz
Absam,Gemeinde,Innsbruck-Land
Achenkirch,Gemeinde,Schwaz
Ainet,Gemeinde,Lienz
Aldrans,Gemeinde,Innsbruck-Land
Alpbach,Gemeinde,Kufstein
Amlach,Gemeinde,Lienz
Ampass,Gemeinde,Innsbruck-Land
Angath,Gemeinde,Kufstein
Angerberg,Gemeinde,Kufstein
Anras,Gemeinde,Lienz
Arzl im Pitztal,Gemeinde,Imst
Aschau im Zillertal,Gemeinde,Schwaz
Assling,Gemeinde,Lienz
Aurach bei Kitzbühel,Gemeinde,Kitzbühel
Außervillgraten,Gemeinde,Lienz
Axams,Gemeinde,Innsbruck-Land
Bach,Gemeinde,Reutte
Bad Häring,Gemeinde,Kufstein
Baumkirchen,Gemeinde,Innsbruck-Land
Berwang,Gemeinde,Reutte
Biberwier,Gemeinde,Reutte
Bichlbach,Gemeinde,Reutte
Birgitz,Gemeinde,Innsbruck-Land
Brandberg,Gemeinde,Schwaz
Brandenberg,Gemeinde,Kufstein
Breitenbach am Inn,Gemeinde,Kufstein
Breitenwang,Gemeinde,Reutte
Brixen im Thale,Gemeinde,Kitzbühel
Brixlegg,Marktgemeinde,Kufstein
Bruck am Ziller,Gemeinde,Schwaz
Buch in Tirol,Gemeinde,Schwaz
Dölsach,Gemeinde,Lienz
Ebbs,Gemeinde,Kufstein
Eben am Achensee,Gemeinde,Schwaz
Ehenbichl,Gemeinde,Reutte
Ehrwald,Gemeinde,Reutte
Elbigenalp,Gemeinde,Reutte
Ellbögen,Gemeinde,Innsbruck-Land
Ellmau,Gemeinde,Kufstein
Elmen,Gemeinde,Reutte
Erl,Gemeinde,Kufstein
Faggen,Gemeinde,Landeck
Fendels,Gemeinde,Landeck
Fieberbrunn,Marktgemeinde,Kitzbühel
Finkenberg,Gemeinde,Schwaz
Fiss,Gemeinde,Landeck
Flaurling,Gemeinde,Innsbruck-Land
Fließ,Gemeinde,Landeck
Flirsch,Gemeinde,Landeck
Forchach,Gemeinde,Reutte
Fritzens,Gemeinde,Innsbruck-Land
Fügen,Gemeinde,Schwaz
Fügenberg,Gemeinde,Schwaz
Fulpmes,Gemeinde,Innsbruck-Land
Gaimberg,Gemeinde,Lienz
Gallzein,Gemeinde,Schwaz
Galtür,Gemeinde,Landeck
Gerlos,Gemeinde,Schwaz
Gerlosberg,Gemeinde,Schwaz
Gnadenwald,Gemeinde,Innsbruck-Land
Going am Wilden Kaiser,Gemeinde,Kitzbühel
Götzens,Gemeinde,Innsbruck-Land
Gramais,Gemeinde,Reutte
Grän,Gemeinde,Reutte
Gries am Brenner,Gemeinde,Innsbruck-Land
Gries im Sellrain,Gemeinde,Innsbruck-Land
Grins,Gemeinde,Landeck
Grinzens,Gemeinde,Innsbruck-Land
Gschnitz,Gemeinde,Innsbruck-Land
Haiming,Gemeinde,Imst
Hainzenberg,Gemeinde,Schwaz
Hall in Tirol,Stadt,Innsbruck-Land
Hart im Zillertal,Gemeinde,Schwaz
Häselgehr,Gemeinde,Reutte
Hatting,Gemeinde,Innsbruck-Land
Heinfels,Gemeinde,Lienz
Heiterwang,Gemeinde,Reutte
Hinterhornbach,Gemeinde,Reutte
Hippach,Gemeinde,Schwaz
Hochfilzen,Gemeinde,Kitzbühel
Höfen,Gemeinde,Reutte
Holzgau,Gemeinde,Reutte
Hopfgarten im Brixental,Marktgemeinde,Kitzbühel
Hopfgarten in Defereggen,Gemeinde,Lienz
Imst,Stadt,Imst
Imsterberg,Gemeinde,Imst
Innervillgraten,Gemeinde,Lienz
Innsbruck,Statutarstadt,Innsbruck-Stadt
Inzing,Gemeinde,Innsbruck-Land
Ischgl,Gemeinde,Landeck
Iselsberg-Stronach,Gemeinde,Lienz
Itter,Gemeinde,Kitzbühel
Jenbach,Marktgemeinde,Schwaz
Jerzens,Gemeinde,Imst
Jochberg,Gemeinde,Kitzbühel
Jungholz,Gemeinde,Reutte
Kaisers,Gemeinde,Reutte
Kals am Großglockner,Gemeinde,Lienz
Kaltenbach,Gemeinde,Schwaz
Kappl,Gemeinde,Landeck
Karres,Gemeinde,Imst
Karrösten,Gemeinde,Imst
Kartitsch,Gemeinde,Lienz
Kaunerberg,Gemeinde,Landeck
Kaunertal,Gemeinde,Landeck
Kauns,Gemeinde,Landeck
Kematen in Tirol,Gemeinde,Innsbruck-Land
Kirchberg in Tirol,Gemeinde,Kitzbühel
Kirchbichl,Gemeinde,Kufstein
Kirchdorf in Tirol,Gemeinde,Kitzbühel
Kitzbühel,Stadt,Kitzbühel
Kolsass,Gemeinde,Innsbruck-Land
Kolsassberg,Gemeinde,Innsbruck-Land
Kössen,Gemeinde,Kitzbühel
Kramsach,Gemeinde,Kufstein
Kufstein,Stadt,Kufstein
Kundl,Marktgemeinde,Kufstein
Ladis,Gemeinde,Landeck
Landeck,Stadt,Landeck
Längenfeld,Gemeinde,Imst
Langkampfen,Gemeinde,Kufstein
Lans,Gemeinde,Innsbruck-Land
Lavant,Gemeinde,Lienz
Lechaschau,Gemeinde,Reutte
Leisach,Gemeinde,Lienz
Lermoos,Gemeinde,Reutte
Leutasch,Gemeinde,Innsbruck-Land
Lienz,Stadt,Lienz
Mariastein,Gemeinde,Kufstein
Matrei am Brenner,Marktgemeinde,Innsbruck-Land
Matrei in Osttirol,Marktgemeinde,Lienz
Mayrhofen,Marktgemeinde,Schwaz
Mieders,Gemeinde,Innsbruck-Land
Mieming,Gemeinde,Imst
Mils,Gemeinde,Innsbruck-Land
Mils bei Imst,Gemeinde,Imst
Mötz,Gemeinde,Imst
Mühlbachl,Gemeinde,Innsbruck-Land
Münster,Gemeinde,Kufstein
Musau,Gemeinde,Reutte
Mutters,Gemeinde,Innsbruck-Land
Namlos,Gemeinde,Reutte
Nassereith,Gemeinde,Imst
Natters,Gemeinde,Innsbruck-Land
Nauders,Gemeinde,Landeck
Navis,Gemeinde,Innsbruck-Land
Nesselwängle,Gemeinde,Reutte
Neustift im Stubaital,Gemeinde,Innsbruck-Land
Niederndorf,Gemeinde,Kufstein
Niederndorferberg,Gemeinde,Kufstein
Nikolsdorf,Gemeinde,Lienz
Nußdorf-Debant,Marktgemeinde,Lienz
Oberhofen im Inntal,Gemeinde,Innsbruck-Land
Oberlienz,Gemeinde,Lienz
Obernberg am Brenner,Gemeinde,Innsbruck-Land
Oberndorf in Tirol,Gemeinde,Kitzbühel
Oberperfuss,Gemeinde,Innsbruck-Land
Obertilliach,Gemeinde,Lienz
Obsteig,Gemeinde,Imst
Oetz,Gemeinde,Imst
Patsch,Gemeinde,Innsbruck-Land
Pettnau,Gemeinde,Innsbruck-Land
Pettneu am Arlberg,Gemeinde,Landeck
Pfaffenhofen,Gemeinde,Innsbruck-Land
Pfafflar,Gemeinde,Reutte
Pflach,Gemeinde,Reutte
Pfons,Gemeinde,Innsbruck-Land
Pfunds,Gemeinde,Landeck
Pians,Gemeinde,Landeck
Pill,Gemeinde,Schwaz
Pinswang,Gemeinde,Reutte
Polling in Tirol,Gemeinde,Innsbruck-Land
Prägraten am Großvenediger,Gemeinde,Lienz
Prutz,Gemeinde,Landeck
Radfeld,Gemeinde,Kufstein
Ramsau im Zillertal,Gemeinde,Schwaz
Ranggen,Gemeinde,Innsbruck-Land
Rattenberg,Stadt,Kufstein
Reith bei Kitzbühel,Gemeinde,Kitzbühel
Reith bei Seefeld,Gemeinde,Innsbruck-Land
Reith im Alpbachtal,Gemeinde,Kufstein
Rettenschöss,Gemeinde,Kufstein
Reutte,Marktgemeinde,Reutte
Ried im Oberinntal,Gemeinde,Landeck
Ried im Zillertal,Gemeinde,Schwaz
Rietz,Gemeinde,Imst
Rinn,Gemeinde,Innsbruck-Land
Rohrberg,Gemeinde,Schwaz
Roppen,Gemeinde,Imst
Rum,Marktgemeinde,Innsbruck-Land
Sautens,Gemeinde,Imst
Scharnitz,Gemeinde,Innsbruck-Land
Schattwald,Gemeinde,Reutte
Scheffau am Wilden Kaiser,Gemeinde,Kufstein
Schlaiten,Gemeinde,Lienz
Schlitters,Gemeinde,Schwaz
Schmirn,Gemeinde,Innsbruck-Land
Schönberg im Stubaital,Gemeinde,Innsbruck-Land
Schönwies,Gemeinde,Landeck
Schwaz,Stadt,Schwaz
Schwendau,Gemeinde,Schwaz
Schwendt,Gemeinde,Kitzbühel
Schwoich,Gemeinde,Kufstein
See,Gemeinde,Landeck
Seefeld in Tirol,Gemeinde,Innsbruck-Land
Sellrain,Gemeinde,Innsbruck-Land
Serfaus,Gemeinde,Landeck
Sillian,Marktgemeinde,Lienz
Silz,Gemeinde,Imst
Sistrans,Gemeinde,Innsbruck-Land
Sölden,Gemeinde,Imst
Söll,Gemeinde,Kufstein
Spiss,Gemeinde,Landeck
St. Anton am Arlberg,Gemeinde,Landeck
St. Jakob in Defereggen,Gemeinde,Lienz
St. Jakob in Haus,Gemeinde,Kitzbühel
St. Johann im Walde,Gemeinde,Lienz
St. Johann in Tirol,Marktgemeinde,Kitzbühel
St. Leonhard im Pitztal,Gemeinde,Imst
St. Sigmund im Sellrain,Gemeinde,Innsbruck-Land
St. Ulrich am Pillersee,Gemeinde,Kitzbühel
St. Veit in Defereggen,Gemeinde,Lienz
Stams,Gemeinde,Imst
Stans,Gemeinde,Schwaz
Stanz bei Landeck,Gemeinde,Landeck
Stanzach,Gemeinde,Reutte
Steeg,Gemeinde,Reutte
Steinach am Brenner,Marktgemeinde,Innsbruck-Land
Steinberg am Rofan,Gemeinde,Schwaz
Strass im Zillertal,Gemeinde,Schwaz
Strassen,Gemeinde,Lienz
Strengen,Gemeinde,Landeck
Stumm,Gemeinde,Schwaz
Stummerberg,Gemeinde,Schwaz
Tannheim,Gemeinde,Reutte
Tarrenz,Gemeinde,Imst
Telfes im Stubai,Gemeinde,Innsbruck-Land
Telfs,Marktgemeinde,Innsbruck-Land
Terfens,Gemeinde,Schwaz
Thaur,Gemeinde,Innsbruck-Land
Thiersee,Gemeinde,Kufstein
Thurn,Gemeinde,Lienz
Tobadill,Gemeinde,Landeck
Tösens,Gemeinde,Landeck
Trins,Gemeinde,Innsbruck-Land
Tristach,Gemeinde,Lienz
Tulfes,Gemeinde,Innsbruck-Land
Tux,Gemeinde,Schwaz
Uderns,Gemeinde,Schwaz
Umhausen,Gemeinde,Imst
Unterperfuss,Gemeinde,Innsbruck-Land
Untertilliach,Gemeinde,Lienz
Vals,Gemeinde,Innsbruck-Land
Vils,Stadt,Reutte
Virgen,Gemeinde,Lienz
Volders,Gemeinde,Innsbruck-Land
Völs,Marktgemeinde,Innsbruck-Land
Vomp,Marktgemeinde,Schwaz
Vorderhornbach,Gemeinde,Reutte
Waidring,Gemeinde,Kitzbühel
Walchsee,Gemeinde,Kufstein
Wängle,Gemeinde,Reutte
Wattenberg,Gemeinde,Innsbruck-Land
Wattens,Marktgemeinde,Innsbruck-Land
Weer,Gemeinde,Schwaz
Weerberg,Gemeinde,Schwaz
Weißenbach am Lech,Gemeinde,Reutte
Wenns,Gemeinde,Imst
Westendorf,Gemeinde,Kitzbühel
Wiesing,Gemeinde,Schwaz
Wildermieming,Gemeinde,Innsbruck-Land
Wildschönau,Gemeinde,Kufstein
Wörgl,Stadt,Kufstein
Zams,Gemeinde,Landeck
Zell am Ziller,Marktgemeinde,Schwaz
Zellberg,Gemeinde,Schwaz
Zirl,Marktgemeinde,Innsbruck-Land
Zöblen,Gemeinde,Reutte
